inputs_as_bytes,gswitch_recv_rate,distribution_trace_base_dir,tor_inbuffer_size,iteration_time,tor_send_rate,latency,gswitch_inbuffer_size,num_gswitches,use_multicast,json,in_network_computation,fwd_pass_time,worker_send_rate,worker_inbuffer_size,step_num,num_ps,striping,worker_recv_rate,num_workers,worker_receive_time,fw_pass_time,MTU,latency_std,ps_send_rate,on_same_rack,topology,fat_tree,verbosity,gswitch_send_rate,tor_recv_rate,ps_inbuffer_size,gradient_size,trace_base_dir,timeout,ps_recv_rate,latency_distribution,model_name,optimal_param_distribution
0,25.0,distribution_csv/vgg16/,-1,2.6340402687874125,25.0,0.001,-1,4,0,json/vgg16_param_ps_assignment.json,0,0.169,10,-1,28,1,1,10,2,"[1.317014652798263, 1.317020239998263]",0.169,120000.0,0.0002,10,1,,1,1,25.0,25.0,-1,0.0,csv/vgg16/,3000.0,10,none,vgg16,0
0,25.0,distribution_csv/vgg16/,-1,2.633876038387413,25.0,0.001,-1,4,0,json/vgg16_param_ps_assignment.json,0,0.169,10,-1,28,2,1,10,2,"[1.316925567998264, 1.316937561598264]",0.169,120000.0,0.0002,10,1,,1,1,25.0,25.0,-1,0.0,csv/vgg16/,3000.0,10,none,vgg16,0
0,25.0,distribution_csv/vgg16/,-1,2.46069333118885,25.0,0.001,-1,4,0,json/vgg16_param_ps_assignment.json,0,0.169,10,-1,28,4,1,10,2,"[1.2095513759991499, 1.2095633663991496]",0.169,120000.0,0.0002,10,1,,1,1,25.0,25.0,-1,0.0,csv/vgg16/,3000.0,10,none,vgg16,0
0,25.0,distribution_csv/vgg16/,-1,2.330584255989915,25.0,0.001,-1,4,0,json/vgg16_param_ps_assignment.json,0,0.169,10,-1,28,8,1,10,2,"[1.1318669471997906, 1.1318789375997904]",0.169,120000.0,0.0002,10,1,,1,1,25.0,25.0,-1,0.0,csv/vgg16/,3000.0,10,none,vgg16,0
0,25.0,distribution_csv/vgg16/,-1,5.2640509375657105,25.0,0.001,-1,4,0,json/vgg16_param_ps_assignment.json,0,0.169,10,-1,28,1,1,10,4,"[2.6320164927874106, 2.6320228991874104, 2.6320252703874116, 2.6320261023874103]",0.169,120000.0,0.0002,10,1,,1,1,25.0,25.0,-1,0.0,csv/vgg16/,3000.0,10,none,vgg16,0
0,25.0,distribution_csv/vgg16/,-1,5.263713859165712,25.0,0.001,-1,4,0,json/vgg16_param_ps_assignment.json,0,0.169,10,-1,28,2,1,10,4,"[2.631851132787411, 2.631851135987411, 2.6318511391874106, 2.631863116787412]",0.169,120000.0,0.0002,10,1,,1,1,25.0,25.0,-1,0.0,csv/vgg16/,3000.0,10,none,vgg16,0
0,25.0,distribution_csv/vgg16/,-1,4.8495432799691365,25.0,0.001,-1,4,0,json/vgg16_param_ps_assignment.json,0,0.169,10,-1,28,4,1,10,4,"[2.4171027423891833, 2.417102745589183, 2.417102748789183, 2.417114726389184]",0.169,120000.0,0.0002,10,1,,1,1,25.0,25.0,-1,0.0,csv/vgg16/,3000.0,10,none,vgg16,0
0,25.0,distribution_csv/vgg16/,-1,4.536629318371713,25.0,0.001,-1,4,0,json/vgg16_param_ps_assignment.json,0,0.169,10,-1,28,8,1,10,4,"[2.261733884790466, 2.261733887990466, 2.261733891190466, 2.261745868790467]",0.169,120000.0,0.0002,10,1,,1,1,25.0,25.0,-1,0.0,csv/vgg16/,3000.0,10,none,vgg16,0
0,25.0,distribution_csv/vgg16/,-1,10.524077913522385,25.0,0.001,-1,4,0,json/vgg16_param_ps_assignment.json,0,0.169,10,-1,28,1,1,10,8,"[5.262026579165731, 5.262029782365731, 5.262032985565732, 5.262036188765732, 5.2620393919657324, 5.262042595165733, 5.262045798365733, 5.2620490015657335]",0.169,120000.0,0.0002,10,1,,1,1,25.0,25.0,-1,0.0,csv/vgg16/,3000.0,10,none,vgg16,0
0,25.0,distribution_csv/vgg16/,-1,10.523415708722357,25.0,0.001,-1,4,0,json/vgg16_param_ps_assignment.json,0,0.169,10,-1,28,2,1,10,8,"[5.261702252765729, 5.261702255965729, 5.261702259165729, 5.26170226236573, 5.26170226556573, 5.2617022719657305, 5.261702275165731, 5.261714227165727]",0.169,120000.0,0.0002,10,1,,1,1,25.0,25.0,-1,0.0,csv/vgg16/,3000.0,10,none,vgg16,0
0,25.0,distribution_csv/vgg16/,-1,9.664422198329438,25.0,0.001,-1,4,0,json/vgg16_param_ps_assignment.json,0,0.169,10,-1,28,4,1,10,8,"[4.832205471969266, 4.832205475169267, 4.832205478369267, 4.832205481569267, 4.8322054847692675, 4.832205487969268, 4.832205491169268, 4.832217446369264]",0.169,120000.0,0.0002,10,1,,1,1,25.0,25.0,-1,0.0,csv/vgg16/,3000.0,10,none,vgg16,0
0,25.0,distribution_csv/vgg16/,-1,9.05609689913444,25.0,0.001,-1,4,0,json/vgg16_param_ps_assignment.json,0,0.169,10,-1,28,8,1,10,8,"[4.521467756771825, 4.521467759971825, 4.521467763171826, 4.521467766371826, 4.521467772771826, 4.521467775971827, 4.521467779171827, 4.521479731171823]",0.169,120000.0,0.0002,10,1,,1,1,25.0,25.0,-1,0.0,csv/vgg16/,3000.0,10,none,vgg16,0
0,25.0,distribution_csv/vgg16/,-1,15.784107260678988,25.0,0.001,-1,4,0,json/vgg16_param_ps_assignment.json,0,0.169,10,-1,28,1,1,10,12,"[7.89203666554404, 7.892039868744041, 7.892043071944041, 7.8920462751440414, 7.892049478344042, 7.892052681544042, 7.8920558847440425, 7.892059087944043, 7.892062291144043, 7.892065494344044, 7.892068697544044, 7.892071900744044]",0.169,120000.0,0.0002,10,1,,1,1,25.0,25.0,-1,0.0,csv/vgg16/,3000.0,10,none,vgg16,0
0,25.0,distribution_csv/vgg16/,-1,15.783117567878962,25.0,0.001,-1,4,0,json/vgg16_param_ps_assignment.json,0,0.169,10,-1,28,2,1,10,12,"[7.891553375944038, 7.891553379144038, 7.891553382344038, 7.8915533855440385, 7.891553388744039, 7.891553391944039, 7.891553395144039, 7.89155339834404, 7.89155340154404, 7.89155340794404, 7.891553411144041, 7.891565337544034]",0.169,120000.0,0.0002,10,1,,1,1,25.0,25.0,-1,0.0,csv/vgg16/,3000.0,10,none,vgg16,0
0,25.0,distribution_csv/vgg16/,-1,14.494627292689602,25.0,0.001,-1,4,0,json/vgg16_param_ps_assignment.json,0,0.169,10,-1,28,4,1,10,12,"[7.247308204749344, 7.247308207949344, 7.2473082111493445, 7.247308214349345, 7.247308217549345, 7.247308220749345, 7.247308223949346, 7.247308227149346, 7.247308230349346, 7.247308233549346, 7.247308236749347, 7.247320166349341]",0.169,120000.0,0.0002,10,1,,1,1,25.0,25.0,-1,0.0,csv/vgg16/,3000.0,10,none,vgg16,0
0,25.0,distribution_csv/vgg16/,-1,13.629251593496715,25.0,0.001,-1,4,0,json/vgg16_param_ps_assignment.json,0,0.169,10,-1,28,8,1,10,12,"[6.78120163515318, 6.78120163835318, 6.781201641553181, 6.781201644753181, 6.781201647953181, 6.781201651153181, 6.781201654353182, 6.781201657553182, 6.781201660753182, 6.7812016639531825, 6.781201667153183, 6.7812135935531765]",0.169,120000.0,0.0002,10,1,,1,1,25.0,25.0,-1,0.0,csv/vgg16/,3000.0,10,none,vgg16,0
0,25.0,distribution_csv/vgg16/,-1,1.863601935993751,25.0,0.001,-1,4,1,json/vgg16_param_ps_assignment.json,1,0.169,10,-1,28,1,1,10,2,"[0.6595177248005213, 0.6595177248005213]",0.169,120000.0,0.0002,10,1,,1,1,25.0,25.0,-1,0.0,csv/vgg16/,3000.0,10,none,vgg16,0
0,25.0,distribution_csv/vgg16/,-1,1.8635845215937512,25.0,0.001,-1,4,1,json/vgg16_param_ps_assignment.json,1,0.169,10,-1,28,2,1,10,2,"[0.659512188800521, 0.659512188800521]",0.169,120000.0,0.0002,10,1,,1,1,25.0,25.0,-1,0.0,csv/vgg16/,3000.0,10,none,vgg16,0
0,25.0,distribution_csv/vgg16/,-1,1.8635796799937512,25.0,0.001,-1,4,1,json/vgg16_param_ps_assignment.json,1,0.169,10,-1,28,4,1,10,2,"[0.659508985600521, 0.659508985600521]",0.169,120000.0,0.0002,10,1,,1,1,25.0,25.0,-1,0.0,csv/vgg16/,3000.0,10,none,vgg16,0
0,25.0,distribution_csv/vgg16/,-1,1.837857766393963,25.0,0.001,-1,4,1,json/vgg16_param_ps_assignment.json,1,0.169,10,-1,28,8,1,10,2,"[0.6595089280005209, 0.6595089280005209]",0.169,120000.0,0.0002,10,1,,1,1,25.0,25.0,-1,0.0,csv/vgg16/,3000.0,10,none,vgg16,0
0,25.0,distribution_csv/vgg16/,-1,1.863601935993751,25.0,0.001,-1,4,1,json/vgg16_param_ps_assignment.json,1,0.169,10,-1,28,1,1,10,4,"[0.6595177248005213, 0.6595177248005213, 0.6595177248005213, 0.6595177248005213]",0.169,120000.0,0.0002,10,1,,1,1,25.0,25.0,-1,0.0,csv/vgg16/,3000.0,10,none,vgg16,0
0,25.0,distribution_csv/vgg16/,-1,1.8635828831937513,25.0,0.001,-1,4,1,json/vgg16_param_ps_assignment.json,1,0.169,10,-1,28,2,1,10,4,"[0.659512188800521, 0.659512188800521, 0.659512188800521, 0.659512188800521]",0.169,120000.0,0.0002,10,1,,1,1,25.0,25.0,-1,0.0,csv/vgg16/,3000.0,10,none,vgg16,0
0,25.0,distribution_csv/vgg16/,-1,1.8635813183937513,25.0,0.001,-1,4,1,json/vgg16_param_ps_assignment.json,1,0.169,10,-1,28,4,1,10,4,"[0.659508985600521, 0.659508985600521, 0.659508985600521, 0.659508985600521]",0.169,120000.0,0.0002,10,1,,1,1,25.0,25.0,-1,0.0,csv/vgg16/,3000.0,10,none,vgg16,0
0,25.0,distribution_csv/vgg16/,-1,1.837857766393963,25.0,0.001,-1,4,1,json/vgg16_param_ps_assignment.json,1,0.169,10,-1,28,8,1,10,4,"[0.6595089280005209, 0.6595089280005209, 0.6595089280005209, 0.6595089280005209]",0.169,120000.0,0.0002,10,1,,1,1,25.0,25.0,-1,0.0,csv/vgg16/,3000.0,10,none,vgg16,0
0,25.0,distribution_csv/vgg16/,-1,1.863603574393751,25.0,0.001,-1,4,1,json/vgg16_param_ps_assignment.json,1,0.169,10,-1,28,1,1,10,8,"[0.6595177248005213, 0.6595177248005213, 0.6595177248005213, 0.6595177248005213, 0.6595177248005213, 0.6595177248005213, 0.6595177248005213, 0.6595177248005213]",0.169,120000.0,0.0002,10,1,,1,1,25.0,25.0,-1,0.0,csv/vgg16/,3000.0,10,none,vgg16,0
0,25.0,distribution_csv/vgg16/,-1,1.9162600703933177,25.0,0.001,-1,4,1,json/vgg16_param_ps_assignment.json,1,0.169,10,-1,28,2,1,10,8,"[0.659512188800521, 0.659512188800521, 0.659512188800521, 0.659512188800521, 0.659512188800521, 0.659512188800521, 0.659512188800521, 0.659512188800521]",0.169,120000.0,0.0002,10,1,,1,1,25.0,25.0,-1,0.0,csv/vgg16/,3000.0,10,none,vgg16,0
0,25.0,distribution_csv/vgg16/,-1,1.8635813183937513,25.0,0.001,-1,4,1,json/vgg16_param_ps_assignment.json,1,0.169,10,-1,28,4,1,10,8,"[0.659508985600521, 0.659508985600521, 0.659508985600521, 0.659508985600521, 0.659508985600521, 0.659508985600521, 0.659508985600521, 0.659508985600521]",0.169,120000.0,0.0002,10,1,,1,1,25.0,25.0,-1,0.0,csv/vgg16/,3000.0,10,none,vgg16,0
0,25.0,distribution_csv/vgg16/,-1,1.8378594047939631,25.0,0.001,-1,4,1,json/vgg16_param_ps_assignment.json,1,0.169,10,-1,28,8,1,10,8,"[0.6595089280005209, 0.6595089280005209, 0.6595089280005209, 0.6595089280005209, 0.6595089280005209, 0.6595089280005209, 0.6595089280005209, 0.6595089280005209]",0.169,120000.0,0.0002,10,1,,1,1,25.0,25.0,-1,0.0,csv/vgg16/,3000.0,10,none,vgg16,0
0,25.0,distribution_csv/vgg16/,-1,1.8636150431937506,25.0,0.001,-1,4,1,json/vgg16_param_ps_assignment.json,1,0.169,10,-1,28,1,1,10,12,"[0.6595177248005213, 0.6595177248005213, 0.6595177248005213, 0.6595177248005213, 0.6595177248005213, 0.6595177248005213, 0.6595177248005213, 0.6595177248005213, 0.6595177248005213, 0.6595177248005213, 0.6595177248005213, 0.6595177248005213]",0.169,120000.0,0.0002,10,1,,1,1,25.0,25.0,-1,0.0,csv/vgg16/,3000.0,10,none,vgg16,0
0,25.0,distribution_csv/vgg16/,-1,1.8635845215937512,25.0,0.001,-1,4,1,json/vgg16_param_ps_assignment.json,1,0.169,10,-1,28,2,1,10,12,"[0.659512188800521, 0.659512188800521, 0.659512188800521, 0.659512188800521, 0.659512188800521, 0.659512188800521, 0.659512188800521, 0.659512188800521, 0.659512188800521, 0.659512188800521, 0.659512188800521, 0.659512188800521]",0.169,120000.0,0.0002,10,1,,1,1,25.0,25.0,-1,0.0,csv/vgg16/,3000.0,10,none,vgg16,0
0,25.0,distribution_csv/vgg16/,-1,1.8635813183937513,25.0,0.001,-1,4,1,json/vgg16_param_ps_assignment.json,1,0.169,10,-1,28,4,1,10,12,"[0.659508985600521, 0.659508985600521, 0.659508985600521, 0.659508985600521, 0.659508985600521, 0.659508985600521, 0.659508985600521, 0.659508985600521, 0.659508985600521, 0.659508985600521, 0.659508985600521, 0.659508985600521]",0.169,120000.0,0.0002,10,1,,1,1,25.0,25.0,-1,0.0,csv/vgg16/,3000.0,10,none,vgg16,0
0,25.0,distribution_csv/vgg16/,-1,1.8378594047939631,25.0,0.001,-1,4,1,json/vgg16_param_ps_assignment.json,1,0.169,10,-1,28,8,1,10,12,"[0.6595089280005209, 0.6595089280005209, 0.6595089280005209, 0.6595089280005209, 0.6595089280005209, 0.6595089280005209, 0.6595089280005209, 0.6595089280005209, 0.6595089280005209, 0.6595089280005209, 0.6595089280005209, 0.6595089280005209]",0.169,120000.0,0.0002,10,1,,1,1,25.0,25.0,-1,0.0,csv/vgg16/,3000.0,10,none,vgg16,0
0,25.0,distribution_csv/vgg16/,-1,1.976537753592811,25.0,0.001,-1,4,1,json/vgg16_param_ps_assignment.json,0,0.169,10,-1,28,1,1,10,2,"[0.6595177248005213, 0.6595177248005213]",0.169,120000.0,0.0002,10,1,,1,1,25.0,25.0,-1,0.0,csv/vgg16/,3000.0,10,none,vgg16,0
0,25.0,distribution_csv/vgg16/,-1,1.9764495519928122,25.0,0.001,-1,4,1,json/vgg16_param_ps_assignment.json,0,0.169,10,-1,28,2,1,10,2,"[0.659512188800521, 0.659512188800521]",0.169,120000.0,0.0002,10,1,,1,1,25.0,25.0,-1,0.0,csv/vgg16/,3000.0,10,none,vgg16,0
0,25.0,distribution_csv/vgg16/,-1,1.9096700063933634,25.0,0.001,-1,4,1,json/vgg16_param_ps_assignment.json,0,0.169,10,-1,28,4,1,10,2,"[0.659508985600521, 0.659508985600521]",0.169,120000.0,0.0002,10,1,,1,1,25.0,25.0,-1,0.0,csv/vgg16/,3000.0,10,none,vgg16,0
0,25.0,distribution_csv/vgg16/,-1,1.8582131295937874,25.0,0.001,-1,4,1,json/vgg16_param_ps_assignment.json,0,0.169,10,-1,28,8,1,10,2,"[0.6595089280005209, 0.6595089280005209]",0.169,120000.0,0.0002,10,1,,1,1,25.0,25.0,-1,0.0,csv/vgg16/,3000.0,10,none,vgg16,0
0,25.0,distribution_csv/vgg16/,-1,3.2915433919819623,25.0,0.001,-1,4,1,json/vgg16_param_ps_assignment.json,0,0.169,10,-1,28,1,1,10,4,"[0.6595177248005213, 0.6595177248005213, 0.6595177248005213, 0.6595177248005213]",0.169,120000.0,0.0002,10,1,,1,1,25.0,25.0,-1,0.0,csv/vgg16/,3000.0,10,none,vgg16,0
0,25.0,distribution_csv/vgg16/,-1,3.29137811838196,25.0,0.001,-1,4,1,json/vgg16_param_ps_assignment.json,0,0.169,10,-1,28,2,1,10,4,"[0.659512188800521, 0.659512188800521, 0.659512188800521, 0.659512188800521]",0.169,120000.0,0.0002,10,1,,1,1,25.0,25.0,-1,0.0,csv/vgg16/,3000.0,10,none,vgg16,0
0,25.0,distribution_csv/vgg16/,-1,3.0766233471837325,25.0,0.001,-1,4,1,json/vgg16_param_ps_assignment.json,0,0.169,10,-1,28,4,1,10,4,"[0.659508985600521, 0.659508985600521, 0.659508985600521, 0.659508985600521]",0.169,120000.0,0.0002,10,1,,1,1,25.0,25.0,-1,0.0,csv/vgg16/,3000.0,10,none,vgg16,0
0,25.0,distribution_csv/vgg16/,-1,2.934391254384906,25.0,0.001,-1,4,1,json/vgg16_param_ps_assignment.json,0,0.169,10,-1,28,8,1,10,4,"[0.6595089280005209, 0.6595089280005209, 0.6595089280005209, 0.6595089280005209]",0.169,120000.0,0.0002,10,1,,1,1,25.0,25.0,-1,0.0,csv/vgg16/,3000.0,10,none,vgg16,0
0,25.0,distribution_csv/vgg16/,-1,5.921565855960253,25.0,0.001,-1,4,1,json/vgg16_param_ps_assignment.json,0,0.169,10,-1,28,1,1,10,8,"[0.6595177248005213, 0.6595177248005213, 0.6595177248005213, 0.6595177248005213, 0.6595177248005213, 0.6595177248005213, 0.6595177248005213, 0.6595177248005213]",0.169,120000.0,0.0002,10,1,,1,1,25.0,25.0,-1,0.0,csv/vgg16/,3000.0,10,none,vgg16,0
0,25.0,distribution_csv/vgg16/,-1,5.921225641560261,25.0,0.001,-1,4,1,json/vgg16_param_ps_assignment.json,0,0.169,10,-1,28,2,1,10,8,"[0.659512188800521, 0.659512188800521, 0.659512188800521, 0.659512188800521, 0.659512188800521, 0.659512188800521, 0.659512188800521, 0.659512188800521]",0.169,120000.0,0.0002,10,1,,1,1,25.0,25.0,-1,0.0,csv/vgg16/,3000.0,10,none,vgg16,0
0,25.0,distribution_csv/vgg16/,-1,5.491725708763804,25.0,0.001,-1,4,1,json/vgg16_param_ps_assignment.json,0,0.169,10,-1,28,4,1,10,8,"[0.659508985600521, 0.659508985600521, 0.659508985600521, 0.659508985600521, 0.659508985600521, 0.659508985600521, 0.659508985600521, 0.659508985600521]",0.169,120000.0,0.0002,10,1,,1,1,25.0,25.0,-1,0.0,csv/vgg16/,3000.0,10,none,vgg16,0
0,25.0,distribution_csv/vgg16/,-1,5.247812054365819,25.0,0.001,-1,4,1,json/vgg16_param_ps_assignment.json,0,0.169,10,-1,28,8,1,10,8,"[0.6595089280005209, 0.6595089280005209, 0.6595089280005209, 0.6595089280005209, 0.6595089280005209, 0.6595089280005209, 0.6595089280005209, 0.6595089280005209]",0.169,120000.0,0.0002,10,1,,1,1,25.0,25.0,-1,0.0,csv/vgg16/,3000.0,10,none,vgg16,0
0,25.0,distribution_csv/vgg16/,-1,8.55158831993862,25.0,0.001,-1,4,1,json/vgg16_param_ps_assignment.json,0,0.169,10,-1,28,1,1,10,12,"[0.6595177248005213, 0.6595177248005213, 0.6595177248005213, 0.6595177248005213, 0.6595177248005213, 0.6595177248005213, 0.6595177248005213, 0.6595177248005213, 0.6595177248005213, 0.6595177248005213, 0.6595177248005213, 0.6595177248005213]",0.169,120000.0,0.0002,10,1,,1,1,25.0,25.0,-1,0.0,csv/vgg16/,3000.0,10,none,vgg16,0
0,25.0,distribution_csv/vgg16/,-1,8.551076367938602,25.0,0.001,-1,4,1,json/vgg16_param_ps_assignment.json,0,0.169,10,-1,28,2,1,10,12,"[0.659512188800521, 0.659512188800521, 0.659512188800521, 0.659512188800521, 0.659512188800521, 0.659512188800521, 0.659512188800521, 0.659512188800521, 0.659512188800521, 0.659512188800521, 0.659512188800521, 0.659512188800521]",0.169,120000.0,0.0002,10,1,,1,1,25.0,25.0,-1,0.0,csv/vgg16/,3000.0,10,none,vgg16,0
0,25.0,distribution_csv/vgg16/,-1,7.906828070343875,25.0,0.001,-1,4,1,json/vgg16_param_ps_assignment.json,0,0.169,10,-1,28,4,1,10,12,"[0.659508985600521, 0.659508985600521, 0.659508985600521, 0.659508985600521, 0.659508985600521, 0.659508985600521, 0.659508985600521, 0.659508985600521, 0.659508985600521, 0.659508985600521, 0.659508985600521, 0.659508985600521]",0.169,120000.0,0.0002,10,1,,1,1,25.0,25.0,-1,0.0,csv/vgg16/,3000.0,10,none,vgg16,0
0,25.0,distribution_csv/vgg16/,-1,7.507558870347173,25.0,0.001,-1,4,1,json/vgg16_param_ps_assignment.json,0,0.169,10,-1,28,8,1,10,12,"[0.6595089280005209, 0.6595089280005209, 0.6595089280005209, 0.6595089280005209, 0.6595089280005209, 0.6595089280005209, 0.6595089280005209, 0.6595089280005209, 0.6595089280005209, 0.6595089280005209, 0.6595089280005209, 0.6595089280005209]",0.169,120000.0,0.0002,10,1,,1,1,25.0,25.0,-1,0.0,csv/vgg16/,3000.0,10,none,vgg16,0
0,25.0,distribution_csv/vgg16/,-1,2.521104451188352,25.0,0.001,-1,4,0,json/vgg16_param_ps_assignment.json,1,0.169,10,-1,28,1,1,10,2,"[1.317014652798263, 1.317020239998263]",0.169,120000.0,0.0002,10,1,,1,1,25.0,25.0,-1,0.0,csv/vgg16/,3000.0,10,none,vgg16,0
0,25.0,distribution_csv/vgg16/,-1,2.5210082559883524,25.0,0.001,-1,4,0,json/vgg16_param_ps_assignment.json,1,0.169,10,-1,28,2,1,10,2,"[1.3169255711982641, 1.316937561598264]",0.169,120000.0,0.0002,10,1,,1,1,25.0,25.0,-1,0.0,csv/vgg16/,3000.0,10,none,vgg16,0
0,25.0,distribution_csv/vgg16/,-1,2.4136356991892383,25.0,0.001,-1,4,0,json/vgg16_param_ps_assignment.json,1,0.169,10,-1,28,4,1,10,2,"[1.2095513759991499, 1.2095633663991496]",0.169,120000.0,0.0002,10,1,,1,1,25.0,25.0,-1,0.0,csv/vgg16/,3000.0,10,none,vgg16,0
0,25.0,distribution_csv/vgg16/,-1,2.3102157855900916,25.0,0.001,-1,4,0,json/vgg16_param_ps_assignment.json,1,0.169,10,-1,28,8,1,10,2,"[1.1318669471997906, 1.1318789375997904]",0.169,120000.0,0.0002,10,1,,1,1,25.0,25.0,-1,0.0,csv/vgg16/,3000.0,10,none,vgg16,0
0,25.0,distribution_csv/vgg16/,-1,3.836100703977501,25.0,0.001,-1,4,0,json/vgg16_param_ps_assignment.json,1,0.169,10,-1,28,1,1,10,4,"[2.6320164927874106, 2.6320228991874104, 2.6320252703874116, 2.6320261023874103]",0.169,120000.0,0.0002,10,1,,1,1,25.0,25.0,-1,0.0,csv/vgg16/,3000.0,10,none,vgg16,0
0,25.0,distribution_csv/vgg16/,-1,3.888612121577058,25.0,0.001,-1,4,0,json/vgg16_param_ps_assignment.json,1,0.169,10,-1,28,2,1,10,4,"[2.631851132787411, 2.631851135987411, 2.6318511391874106, 2.631863116787412]",0.169,120000.0,0.0002,10,1,,1,1,25.0,25.0,-1,0.0,csv/vgg16/,3000.0,10,none,vgg16,0
0,25.0,distribution_csv/vgg16/,-1,3.621187059179274,25.0,0.001,-1,4,0,json/vgg16_param_ps_assignment.json,1,0.169,10,-1,28,4,1,10,4,"[2.4171027391891835, 2.4171027423891833, 2.417102745589183, 2.417114726389184]",0.169,120000.0,0.0002,10,1,,1,1,25.0,25.0,-1,0.0,csv/vgg16/,3000.0,10,none,vgg16,0
0,25.0,distribution_csv/vgg16/,-1,3.4400712607807677,25.0,0.001,-1,4,0,json/vgg16_param_ps_assignment.json,1,0.169,10,-1,28,8,1,10,4,"[2.261733884790466, 2.261733887990466, 2.261733891190466, 2.261745868790467]",0.169,120000.0,0.0002,10,1,,1,1,25.0,25.0,-1,0.0,csv/vgg16/,3000.0,10,none,vgg16,0
0,25.0,distribution_csv/vgg16/,-1,6.518817395155379,25.0,0.001,-1,4,0,json/vgg16_param_ps_assignment.json,1,0.169,10,-1,28,1,1,10,8,"[5.262026579165731, 5.262029782365731, 5.262032985565732, 5.262036188765732, 5.2620393919657324, 5.262042595165733, 5.262045798365733, 5.2620490015657335]",0.169,120000.0,0.0002,10,1,,1,1,25.0,25.0,-1,0.0,csv/vgg16/,3000.0,10,none,vgg16,0
0,25.0,distribution_csv/vgg16/,-1,6.4657745855558195,25.0,0.001,-1,4,0,json/vgg16_param_ps_assignment.json,1,0.169,10,-1,28,2,1,10,8,"[5.261702252765729, 5.261702255965729, 5.261702259165729, 5.26170226236573, 5.26170226556573, 5.26170226876573, 5.261702275165731, 5.261714227165727]",0.169,120000.0,0.0002,10,1,,1,1,25.0,25.0,-1,0.0,csv/vgg16/,3000.0,10,none,vgg16,0
0,25.0,distribution_csv/vgg16/,-1,6.036277807959357,25.0,0.001,-1,4,0,json/vgg16_param_ps_assignment.json,1,0.169,10,-1,28,4,1,10,8,"[4.832205471969266, 4.832205475169267, 4.832205481569267, 4.8322054847692675, 4.832205487969268, 4.832205491169268, 4.832205494369268, 4.832217446369264]",0.169,120000.0,0.0002,10,1,,1,1,25.0,25.0,-1,0.0,csv/vgg16/,3000.0,10,none,vgg16,0
0,25.0,distribution_csv/vgg16/,-1,5.699818243162129,25.0,0.001,-1,4,0,json/vgg16_param_ps_assignment.json,1,0.169,10,-1,28,8,1,10,8,"[4.521467756771825, 4.521467759971825, 4.521467763171826, 4.521467766371826, 4.521467769571826, 4.521467775971827, 4.521467779171827, 4.521479731171823]",0.169,120000.0,0.0002,10,1,,1,1,25.0,25.0,-1,0.0,csv/vgg16/,3000.0,10,none,vgg16,0
0,25.0,distribution_csv/vgg16/,-1,9.09615611193414,25.0,0.001,-1,4,0,json/vgg16_param_ps_assignment.json,1,0.169,10,-1,28,1,1,10,12,"[7.89203666554404, 7.892039868744041, 7.892043071944041, 7.8920462751440414, 7.892049478344042, 7.892052681544042, 7.8920558847440425, 7.892059087944043, 7.892062291144043, 7.892065494344044, 7.892068697544044, 7.892071900744044]",0.169,120000.0,0.0002,10,1,,1,1,25.0,25.0,-1,0.0,csv/vgg16/,3000.0,10,none,vgg16,0
0,25.0,distribution_csv/vgg16/,-1,9.095636031934127,25.0,0.001,-1,4,0,json/vgg16_param_ps_assignment.json,1,0.169,10,-1,28,2,1,10,12,"[7.891553375944038, 7.891553379144038, 7.891553382344038, 7.8915533855440385, 7.891553391944039, 7.891553395144039, 7.89155339834404, 7.89155340154404, 7.89155340474404, 7.89155340794404, 7.891553411144041, 7.891565337544034]",0.169,120000.0,0.0002,10,1,,1,1,25.0,25.0,-1,0.0,csv/vgg16/,3000.0,10,none,vgg16,0
0,25.0,distribution_csv/vgg16/,-1,8.45138055993944,25.0,0.001,-1,4,0,json/vgg16_param_ps_assignment.json,1,0.169,10,-1,28,4,1,10,12,"[7.247308204749344, 7.247308207949344, 7.2473082111493445, 7.247308214349345, 7.247308217549345, 7.247308220749345, 7.247308227149346, 7.247308230349346, 7.247308233549346, 7.247308236749347, 7.247308239949347, 7.247320166349341]",0.169,120000.0,0.0002,10,1,,1,1,25.0,25.0,-1,0.0,csv/vgg16/,3000.0,10,none,vgg16,0
0,25.0,distribution_csv/vgg16/,-1,7.959552143943486,25.0,0.001,-1,4,0,json/vgg16_param_ps_assignment.json,1,0.169,10,-1,28,8,1,10,12,"[6.78120163195318, 6.78120163515318, 6.78120163835318, 6.781201641553181, 6.781201644753181, 6.781201647953181, 6.781201651153181, 6.781201654353182, 6.781201657553182, 6.781201660753182, 6.781201667153183, 6.7812135935531765]",0.169,120000.0,0.0002,10,1,,1,1,25.0,25.0,-1,0.0,csv/vgg16/,3000.0,10,none,vgg16,0
0,25.0,distribution_csv/vgg16/,-1,2.634034675187412,25.0,0.001,-1,4,0,json/vgg16_param_ps_assignment.json,0,0.169,10,-1,28,1,1,10,2,"[1.317011449598263, 1.317020239998263]",0.169,120000.0,0.0002,10,1,,1,1,25.0,25.0,-1,0.0,csv/vgg16/,3000.0,10,none,vgg16,1
0,25.0,distribution_csv/vgg16/,-1,1.3255954943981934,25.0,0.001,-1,4,0,json/vgg16_param_ps_assignment.json,0,0.169,10,-1,28,2,1,10,2,"[0.6604614432005219, 0.6660778784005265]",0.169,120000.0,0.0002,10,1,,1,1,25.0,25.0,-1,0.0,csv/vgg16/,3000.0,10,none,vgg16,1
0,25.0,distribution_csv/vgg16/,-1,1.320018307198236,25.0,0.001,-1,4,0,json/vgg16_param_ps_assignment.json,0,0.169,10,-1,28,4,1,10,2,"[0.6595081952005196, 0.6595081952005196]",0.169,120000.0,0.0002,10,1,,1,1,25.0,25.0,-1,0.0,csv/vgg16/,3000.0,10,none,vgg16,1
0,25.0,distribution_csv/vgg16/,-1,1.3200153199982483,25.0,0.001,-1,4,0,json/vgg16_param_ps_assignment.json,0,0.169,10,-1,28,8,1,10,2,"[0.6595059248005223, 0.6595059248005223]",0.169,120000.0,0.0002,10,1,,1,1,25.0,25.0,-1,0.0,csv/vgg16/,3000.0,10,none,vgg16,1
0,25.0,distribution_csv/vgg16/,-1,5.26405332796571,25.0,0.001,-1,4,0,json/vgg16_param_ps_assignment.json,0,0.169,10,-1,28,1,1,10,4,"[2.6320196959874105, 2.6320228991874104, 2.6320252703874116, 2.6320261023874103]",0.169,120000.0,0.0002,10,1,,1,1,25.0,25.0,-1,0.0,csv/vgg16/,3000.0,10,none,vgg16,1
0,25.0,distribution_csv/vgg16/,-1,2.648731852787299,25.0,0.001,-1,4,0,json/vgg16_param_ps_assignment.json,0,0.169,10,-1,28,2,1,10,4,"[1.317009847998262, 1.3170114495982619, 1.3170202399982622, 1.3170202399982622]",0.169,120000.0,0.0002,10,1,,1,1,25.0,25.0,-1,0.0,csv/vgg16/,3000.0,10,none,vgg16,1
0,25.0,distribution_csv/vgg16/,-1,1.5908254207960015,25.0,0.001,-1,4,0,json/vgg16_param_ps_assignment.json,0,0.169,10,-1,28,4,1,10,4,"[0.6632925984005236, 0.6729394976005321, 0.7954131744006545, 0.7954131744006545]",0.169,120000.0,0.0002,10,1,,1,1,25.0,25.0,-1,0.0,csv/vgg16/,3000.0,10,none,vgg16,1
0,25.0,distribution_csv/vgg16/,-1,1.363431263997885,25.0,0.001,-1,4,0,json/vgg16_param_ps_assignment.json,0,0.169,10,-1,28,8,1,10,4,"[0.6595081952005223, 0.6595081952005223, 0.6595081952005223, 0.6595081952005223]",0.169,120000.0,0.0002,10,1,,1,1,25.0,25.0,-1,0.0,csv/vgg16/,3000.0,10,none,vgg16,1
0,25.0,distribution_csv/vgg16/,-1,10.524080303922382,25.0,0.001,-1,4,0,json/vgg16_param_ps_assignment.json,0,0.169,10,-1,28,1,1,10,8,"[5.262026579165731, 5.262029782365731, 5.262035331165727, 5.262036188765732, 5.2620393919657324, 5.262042595165733, 5.262045798365733, 5.2620490015657335]",0.169,120000.0,0.0002,10,1,,1,1,25.0,25.0,-1,0.0,csv/vgg16/,3000.0,10,none,vgg16,1
0,25.0,distribution_csv/vgg16/,-1,5.264054159965749,25.0,0.001,-1,4,0,json/vgg16_param_ps_assignment.json,0,0.169,10,-1,28,2,1,10,8,"[2.632014891187422, 2.6320196959874225, 2.6320196959874225, 2.6320212975874226, 2.6320212975874226, 2.632024500787423, 2.63202527038742, 2.63202527038742]",0.169,120000.0,0.0002,10,1,,1,1,25.0,25.0,-1,0.0,csv/vgg16/,3000.0,10,none,vgg16,1
0,25.0,distribution_csv/vgg16/,-1,2.638619408787403,25.0,0.001,-1,4,0,json/vgg16_param_ps_assignment.json,0,0.169,10,-1,28,4,1,10,8,"[1.317011449598268, 1.3170122503982682, 1.3170202399982671, 1.3170202399982671, 1.3170202399982671, 1.3170202399982671, 1.317308591998264, 1.3860820639976954]",0.169,120000.0,0.0002,10,1,,1,1,25.0,25.0,-1,0.0,csv/vgg16/,3000.0,10,none,vgg16,1
0,25.0,distribution_csv/vgg16/,-1,1.5975365119959557,25.0,0.001,-1,4,0,json/vgg16_param_ps_assignment.json,0,0.169,10,-1,28,8,1,10,8,"[0.666228611200528, 0.6729394976005347, 0.7274654496005892, 0.7274654496005892, 0.7274654496005892, 0.7274654496005905, 0.7954131744006572, 0.7954131744006572]",0.169,120000.0,0.0002,10,1,,1,1,25.0,25.0,-1,0.0,csv/vgg16/,3000.0,10,none,vgg16,1
0,25.0,distribution_csv/vgg16/,-1,15.784113667078987,25.0,0.001,-1,4,0,json/vgg16_param_ps_assignment.json,0,0.169,10,-1,28,1,1,10,12,"[7.89203666554404, 7.892039868744041, 7.892043071944041, 7.8920462751440414, 7.892049478344042, 7.892052681544042, 7.8920558847440425, 7.892059087944043, 7.892062291144043, 7.892065494344044, 7.892068697544044, 7.892071900744044]",0.169,120000.0,0.0002,10,1,,1,1,25.0,25.0,-1,0.0,csv/vgg16/,3000.0,10,none,vgg16,1
0,25.0,distribution_csv/vgg16/,-1,7.894064841544053,25.0,0.001,-1,4,0,json/vgg16_param_ps_assignment.json,0,0.169,10,-1,28,2,1,10,12,"[3.947024739176577, 3.9470279423765775, 3.9470295439765777, 3.9470295439765777, 3.947031145576578, 3.947031145576578, 3.947032747176578, 3.947032747176578, 3.947034348776578, 3.947034348776578, 3.9470359503765784, 3.9470359503765784]",0.169,120000.0,0.0002,10,1,,1,1,25.0,25.0,-1,0.0,csv/vgg16/,3000.0,10,none,vgg16,1
0,25.0,distribution_csv/vgg16/,-1,3.9490460223765878,25.0,0.001,-1,4,0,json/vgg16_param_ps_assignment.json,0,0.169,10,-1,28,4,1,10,12,"[1.9745139711928454, 1.9745147719928455, 1.9745155727928456, 1.9745163735928457, 1.9745163735928457, 1.9745171743928458, 1.9745179751928459, 1.9745179751928459, 1.9745179751928459, 1.974522755192844, 1.974522755192844, 1.977802831992817]",0.169,120000.0,0.0002,10,1,,1,1,25.0,25.0,-1,0.0,csv/vgg16/,3000.0,10,none,vgg16,1
0,25.0,distribution_csv/vgg16/,-1,2.1135467455917087,25.0,0.001,-1,4,0,json/vgg16_param_ps_assignment.json,0,0.169,10,-1,28,8,1,10,12,"[0.9882689824008506, 0.9882689824008506, 0.9882689824008506, 0.9884131584008506, 0.9899090208008522, 0.9915490592008538, 1.0227998944006833, 1.0227998944006833, 1.0227998944006833, 1.0227998944006833, 1.0227998944006835, 1.0907476192001215]",0.169,120000.0,0.0002,10,1,,1,1,25.0,25.0,-1,0.0,csv/vgg16/,3000.0,10,none,vgg16,1
0,25.0,distribution_csv/vgg16/,-1,1.863601935993751,25.0,0.001,-1,4,1,json/vgg16_param_ps_assignment.json,1,0.169,10,-1,28,1,1,10,2,"[0.6595177248005213, 0.6595177248005213]",0.169,120000.0,0.0002,10,1,,1,1,25.0,25.0,-1,0.0,csv/vgg16/,3000.0,10,none,vgg16,1
0,25.0,distribution_csv/vgg16/,-1,1.5682588255961891,25.0,0.001,-1,4,1,json/vgg16_param_ps_assignment.json,1,0.169,10,-1,28,2,1,10,2,"[0.6595081952005208, 0.6595081952005208]",0.169,120000.0,0.0002,10,1,,1,1,25.0,25.0,-1,0.0,csv/vgg16/,3000.0,10,none,vgg16,1
0,25.0,distribution_csv/vgg16/,-1,1.4205895599974054,25.0,0.001,-1,4,1,json/vgg16_param_ps_assignment.json,1,0.169,10,-1,28,4,1,10,2,"[0.6595061296005197, 0.6595061296005197]",0.169,120000.0,0.0002,10,1,,1,1,25.0,25.0,-1,0.0,csv/vgg16/,3000.0,10,none,vgg16,1
0,25.0,distribution_csv/vgg16/,-1,1.346754935198018,25.0,0.001,-1,4,1,json/vgg16_param_ps_assignment.json,1,0.169,10,-1,28,8,1,10,2,"[0.6595059240005223, 0.6595059240005223]",0.169,120000.0,0.0002,10,1,,1,1,25.0,25.0,-1,0.0,csv/vgg16/,3000.0,10,none,vgg16,1
0,25.0,distribution_csv/vgg16/,-1,1.9162922303933172,25.0,0.001,-1,4,1,json/vgg16_param_ps_assignment.json,1,0.169,10,-1,28,1,1,10,4,"[0.6595177248005213, 0.6595177248005213, 0.6595177248005213, 0.6595177248005213]",0.169,120000.0,0.0002,10,1,,1,1,25.0,25.0,-1,0.0,csv/vgg16/,3000.0,10,none,vgg16,1
0,25.0,distribution_csv/vgg16/,-1,1.5682580063961893,25.0,0.001,-1,4,1,json/vgg16_param_ps_assignment.json,1,0.169,10,-1,28,2,1,10,4,"[0.6595081952005208, 0.6595081952005208, 0.6595081952005208, 0.6595081952005208]",0.169,120000.0,0.0002,10,1,,1,1,25.0,25.0,-1,0.0,csv/vgg16/,3000.0,10,none,vgg16,1
0,25.0,distribution_csv/vgg16/,-1,1.4205899695974056,25.0,0.001,-1,4,1,json/vgg16_param_ps_assignment.json,1,0.169,10,-1,28,4,1,10,4,"[0.6595061296005197, 0.6595061296005197, 0.6595061296005197, 0.6595061296005197]",0.169,120000.0,0.0002,10,1,,1,1,25.0,25.0,-1,0.0,csv/vgg16/,3000.0,10,none,vgg16,1
0,25.0,distribution_csv/vgg16/,-1,1.3467563687980175,25.0,0.001,-1,4,1,json/vgg16_param_ps_assignment.json,1,0.169,10,-1,28,8,1,10,4,"[0.6595059240005223, 0.6595059240005223, 0.6595059240005223, 0.6595059240005223]",0.169,120000.0,0.0002,10,1,,1,1,25.0,25.0,-1,0.0,csv/vgg16/,3000.0,10,none,vgg16,1
0,25.0,distribution_csv/vgg16/,-1,1.916305337593317,25.0,0.001,-1,4,1,json/vgg16_param_ps_assignment.json,1,0.169,10,-1,28,1,1,10,8,"[0.6595177248005213, 0.6595177248005213, 0.6595177248005213, 0.6595177248005213, 0.6595177248005213, 0.6595177248005213, 0.6595177248005213, 0.6595177248005213]",0.169,120000.0,0.0002,10,1,,1,1,25.0,25.0,-1,0.0,csv/vgg16/,3000.0,10,none,vgg16,1
0,25.0,distribution_csv/vgg16/,-1,1.594104755195977,25.0,0.001,-1,4,1,json/vgg16_param_ps_assignment.json,1,0.169,10,-1,28,2,1,10,8,"[0.6595081952005208, 0.6595081952005208, 0.6595081952005208, 0.6595081952005208, 0.6595081952005208, 0.6595081952005208, 0.6595081952005208, 0.6595081952005208]",0.169,120000.0,0.0002,10,1,,1,1,25.0,25.0,-1,0.0,csv/vgg16/,3000.0,10,none,vgg16,1
0,25.0,distribution_csv/vgg16/,-1,1.433013716797304,25.0,0.001,-1,4,1,json/vgg16_param_ps_assignment.json,1,0.169,10,-1,28,4,1,10,8,"[0.6595061296005197, 0.6595061296005197, 0.6595061296005197, 0.6595061296005197, 0.6595061296005197, 0.6595061296005197, 0.6595061296005197, 0.6595061296005197]",0.169,120000.0,0.0002,10,1,,1,1,25.0,25.0,-1,0.0,csv/vgg16/,3000.0,10,none,vgg16,1
0,25.0,distribution_csv/vgg16/,-1,1.3467563687980175,25.0,0.001,-1,4,1,json/vgg16_param_ps_assignment.json,1,0.169,10,-1,28,8,1,10,8,"[0.6595059240005223, 0.6595059240005223, 0.6595059240005223, 0.6595059240005223, 0.6595059240005223, 0.6595059240005223, 0.6595059240005223, 0.6595059240005223]",0.169,120000.0,0.0002,10,1,,1,1,25.0,25.0,-1,0.0,csv/vgg16/,3000.0,10,none,vgg16,1
0,25.0,distribution_csv/vgg16/,-1,1.9163053375933172,25.0,0.001,-1,4,1,json/vgg16_param_ps_assignment.json,1,0.169,10,-1,28,1,1,10,12,"[0.6595177248005213, 0.6595177248005213, 0.6595177248005213, 0.6595177248005213, 0.6595177248005213, 0.6595177248005213, 0.6595177248005213, 0.6595177248005213, 0.6595177248005213, 0.6595177248005213, 0.6595177248005213, 0.6595177248005213]",0.169,120000.0,0.0002,10,1,,1,1,25.0,25.0,-1,0.0,csv/vgg16/,3000.0,10,none,vgg16,1
0,25.0,distribution_csv/vgg16/,-1,1.594098201595977,25.0,0.001,-1,4,1,json/vgg16_param_ps_assignment.json,1,0.169,10,-1,28,2,1,10,12,"[0.6595081952005208, 0.6595081952005208, 0.6595081952005208, 0.6595081952005208, 0.6595081952005208, 0.6595081952005208, 0.6595081952005208, 0.6595081952005208, 0.6595081952005208, 0.6595081952005208, 0.6595081952005208, 0.6595081952005208]",0.169,120000.0,0.0002,10,1,,1,1,25.0,25.0,-1,0.0,csv/vgg16/,3000.0,10,none,vgg16,1
0,25.0,distribution_csv/vgg16/,-1,1.4205899695974054,25.0,0.001,-1,4,1,json/vgg16_param_ps_assignment.json,1,0.169,10,-1,28,4,1,10,12,"[0.6595061296005197, 0.6595061296005197, 0.6595061296005197, 0.6595061296005197, 0.6595061296005197, 0.6595061296005197, 0.6595061296005197, 0.6595061296005197, 0.6595061296005197, 0.6595061296005197, 0.6595061296005197, 0.6595061296005197]",0.169,120000.0,0.0002,10,1,,1,1,25.0,25.0,-1,0.0,csv/vgg16/,3000.0,10,none,vgg16,1
0,25.0,distribution_csv/vgg16/,-1,1.3467565735980176,25.0,0.001,-1,4,1,json/vgg16_param_ps_assignment.json,1,0.169,10,-1,28,8,1,10,12,"[0.6595059240005223, 0.6595059240005223, 0.6595059240005223, 0.6595059240005223, 0.6595059240005223, 0.6595059240005223, 0.6595059240005223, 0.6595059240005223, 0.6595059240005223, 0.6595059240005223, 0.6595059240005223, 0.6595059240005223]",0.169,120000.0,0.0002,10,1,,1,1,25.0,25.0,-1,0.0,csv/vgg16/,3000.0,10,none,vgg16,1
0,25.0,distribution_csv/vgg16/,-1,1.976537753592811,25.0,0.001,-1,4,1,json/vgg16_param_ps_assignment.json,0,0.169,10,-1,28,1,1,10,2,"[0.6595177248005213, 0.6595177248005213]",0.169,120000.0,0.0002,10,1,,1,1,25.0,25.0,-1,0.0,csv/vgg16/,3000.0,10,none,vgg16,1
0,25.0,distribution_csv/vgg16/,-1,1.5908101567959976,25.0,0.001,-1,4,1,json/vgg16_param_ps_assignment.json,0,0.169,10,-1,28,2,1,10,2,"[0.6595081952005208, 0.6595081952005208]",0.169,120000.0,0.0002,10,1,,1,1,25.0,25.0,-1,0.0,csv/vgg16/,3000.0,10,none,vgg16,1
0,25.0,distribution_csv/vgg16/,-1,1.3200162415982362,25.0,0.001,-1,4,1,json/vgg16_param_ps_assignment.json,0,0.169,10,-1,28,4,1,10,2,"[0.6595061296005197, 0.6595061296005197]",0.169,120000.0,0.0002,10,1,,1,1,25.0,25.0,-1,0.0,csv/vgg16/,3000.0,10,none,vgg16,1
0,25.0,distribution_csv/vgg16/,-1,1.3200153191982484,25.0,0.001,-1,4,1,json/vgg16_param_ps_assignment.json,0,0.169,10,-1,28,8,1,10,2,"[0.6595059240005223, 0.6595059240005223]",0.169,120000.0,0.0002,10,1,,1,1,25.0,25.0,-1,0.0,csv/vgg16/,3000.0,10,none,vgg16,1
0,25.0,distribution_csv/vgg16/,-1,3.2915457823819625,25.0,0.001,-1,4,1,json/vgg16_param_ps_assignment.json,0,0.169,10,-1,28,1,1,10,4,"[0.6595177248005213, 0.6595177248005213, 0.6595177248005213, 0.6595177248005213]",0.169,120000.0,0.0002,10,1,,1,1,25.0,25.0,-1,0.0,csv/vgg16/,3000.0,10,none,vgg16,1
0,25.0,distribution_csv/vgg16/,-1,1.9765298255928168,25.0,0.001,-1,4,1,json/vgg16_param_ps_assignment.json,0,0.169,10,-1,28,2,1,10,4,"[0.6595081952005208, 0.6595081952005208, 0.6595081952005208, 0.6595081952005208]",0.169,120000.0,0.0002,10,1,,1,1,25.0,25.0,-1,0.0,csv/vgg16/,3000.0,10,none,vgg16,1
0,25.0,distribution_csv/vgg16/,-1,1.5908134159960026,25.0,0.001,-1,4,1,json/vgg16_param_ps_assignment.json,0,0.169,10,-1,28,4,1,10,4,"[0.6595061296005197, 0.6595061296005197, 0.6595061296005197, 0.6595061296005197]",0.169,120000.0,0.0002,10,1,,1,1,25.0,25.0,-1,0.0,csv/vgg16/,3000.0,10,none,vgg16,1
0,25.0,distribution_csv/vgg16/,-1,1.4313765127973228,25.0,0.001,-1,4,1,json/vgg16_param_ps_assignment.json,0,0.169,10,-1,28,8,1,10,4,"[0.6595059240005223, 0.6595059240005223, 0.6595059240005223, 0.6595059240005223]",0.169,120000.0,0.0002,10,1,,1,1,25.0,25.0,-1,0.0,csv/vgg16/,3000.0,10,none,vgg16,1
0,25.0,distribution_csv/vgg16/,-1,5.921565855960253,25.0,0.001,-1,4,1,json/vgg16_param_ps_assignment.json,0,0.169,10,-1,28,1,1,10,8,"[0.6595177248005213, 0.6595177248005213, 0.6595177248005213, 0.6595177248005213, 0.6595177248005213, 0.6595177248005213, 0.6595177248005213, 0.6595177248005213]",0.169,120000.0,0.0002,10,1,,1,1,25.0,25.0,-1,0.0,csv/vgg16/,3000.0,10,none,vgg16,1
0,25.0,distribution_csv/vgg16/,-1,3.2980685903819063,25.0,0.001,-1,4,1,json/vgg16_param_ps_assignment.json,0,0.169,10,-1,28,2,1,10,8,"[0.6595081952005208, 0.6595081952005208, 0.6595081952005208, 0.6595081952005208, 0.6595081952005208, 0.6595081952005208, 0.6595081952005208, 0.6595081952005208]",0.169,120000.0,0.0002,10,1,,1,1,25.0,25.0,-1,0.0,csv/vgg16/,3000.0,10,none,vgg16,1
0,25.0,distribution_csv/vgg16/,-1,2.0455933199922423,25.0,0.001,-1,4,1,json/vgg16_param_ps_assignment.json,0,0.169,10,-1,28,4,1,10,8,"[0.6595061296005197, 0.6595061296005197, 0.6595061296005197, 0.6595061296005197, 0.6595061296005197, 0.6595061296005197, 0.6595061296005197, 0.6595061296005197]",0.169,120000.0,0.0002,10,1,,1,1,25.0,25.0,-1,0.0,csv/vgg16/,3000.0,10,none,vgg16,1
0,25.0,distribution_csv/vgg16/,-1,1.658762983195453,25.0,0.001,-1,4,1,json/vgg16_param_ps_assignment.json,0,0.169,10,-1,28,8,1,10,8,"[0.6595059240005223, 0.6595059240005223, 0.6595059240005223, 0.6595059240005223, 0.6595059240005223, 0.6595059240005223, 0.6595059240005223, 0.6595059240005223]",0.169,120000.0,0.0002,10,1,,1,1,25.0,25.0,-1,0.0,csv/vgg16/,3000.0,10,none,vgg16,1
0,25.0,distribution_csv/vgg16/,-1,8.55158831993862,25.0,0.001,-1,4,1,json/vgg16_param_ps_assignment.json,0,0.169,10,-1,28,1,1,10,12,"[0.6595177248005213, 0.6595177248005213, 0.6595177248005213, 0.6595177248005213, 0.6595177248005213, 0.6595177248005213, 0.6595177248005213, 0.6595177248005213, 0.6595177248005213, 0.6595177248005213, 0.6595177248005213, 0.6595177248005213]",0.169,120000.0,0.0002,10,1,,1,1,25.0,25.0,-1,0.0,csv/vgg16/,3000.0,10,none,vgg16,1
0,25.0,distribution_csv/vgg16/,-1,4.6065453887711465,25.0,0.001,-1,4,1,json/vgg16_param_ps_assignment.json,0,0.169,10,-1,28,2,1,10,12,"[0.6595081952005208, 0.6595081952005208, 0.6595081952005208, 0.6595081952005208, 0.6595081952005208, 0.6595081952005208, 0.6595081952005208, 0.6595081952005208, 0.6595081952005208, 0.6595081952005208, 0.6595081952005208, 0.6595081952005208]",0.169,120000.0,0.0002,10,1,,1,1,25.0,25.0,-1,0.0,csv/vgg16/,3000.0,10,none,vgg16,1
0,25.0,distribution_csv/vgg16/,-1,2.637873058387376,25.0,0.001,-1,4,1,json/vgg16_param_ps_assignment.json,0,0.169,10,-1,28,4,1,10,12,"[0.6595061296005197, 0.6595061296005197, 0.6595061296005197, 0.6595061296005197, 0.6595061296005197, 0.6595061296005197, 0.6595061296005197, 0.6595061296005197, 0.6595061296005197, 0.6595061296005197, 0.6595061296005197, 0.6595061296005197]",0.169,120000.0,0.0002,10,1,,1,1,25.0,25.0,-1,0.0,csv/vgg16/,3000.0,10,none,vgg16,1
0,25.0,distribution_csv/vgg16/,-1,1.9550958183930112,25.0,0.001,-1,4,1,json/vgg16_param_ps_assignment.json,0,0.169,10,-1,28,8,1,10,12,"[0.6595059240005223, 0.6595059240005223, 0.6595059240005223, 0.6595059240005223, 0.6595059240005223, 0.6595059240005223, 0.6595059240005223, 0.6595059240005223, 0.6595059240005223, 0.6595059240005223, 0.6595059240005223, 0.6595059240005223]",0.169,120000.0,0.0002,10,1,,1,1,25.0,25.0,-1,0.0,csv/vgg16/,3000.0,10,none,vgg16,1
0,25.0,distribution_csv/vgg16/,-1,2.5210956607883523,25.0,0.001,-1,4,0,json/vgg16_param_ps_assignment.json,1,0.169,10,-1,28,1,1,10,2,"[1.317011449598263, 1.317020239998263]",0.169,120000.0,0.0002,10,1,,1,1,25.0,25.0,-1,0.0,csv/vgg16/,3000.0,10,none,vgg16,1
0,25.0,distribution_csv/vgg16/,-1,1.8400592543939456,25.0,0.001,-1,4,0,json/vgg16_param_ps_assignment.json,1,0.169,10,-1,28,2,1,10,2,"[0.6597536544005211, 0.9313086240007917]",0.169,120000.0,0.0002,10,1,,1,1,25.0,25.0,-1,0.0,csv/vgg16/,3000.0,10,none,vgg16,1
0,25.0,distribution_csv/vgg16/,-1,1.5329534687964774,25.0,0.001,-1,4,0,json/vgg16_param_ps_assignment.json,1,0.169,10,-1,28,4,1,10,2,"[0.6595081952005196, 0.7718696288006311]",0.169,120000.0,0.0002,10,1,,1,1,25.0,25.0,-1,0.0,csv/vgg16/,3000.0,10,none,vgg16,1
0,25.0,distribution_csv/vgg16/,-1,1.3467563695980183,25.0,0.001,-1,4,0,json/vgg16_param_ps_assignment.json,1,0.169,10,-1,28,8,1,10,2,"[0.6595059248005223, 0.6595059248005223]",0.169,120000.0,0.0002,10,1,,1,1,25.0,25.0,-1,0.0,csv/vgg16/,3000.0,10,none,vgg16,1
0,25.0,distribution_csv/vgg16/,-1,3.888790998377058,25.0,0.001,-1,4,0,json/vgg16_param_ps_assignment.json,1,0.169,10,-1,28,1,1,10,4,"[2.6320164927874106, 2.6320196959874105, 2.6320252703874116, 2.6320261023874103]",0.169,120000.0,0.0002,10,1,,1,1,25.0,25.0,-1,0.0,csv/vgg16/,3000.0,10,none,vgg16,1
0,25.0,distribution_csv/vgg16/,-1,2.429731347189089,25.0,0.001,-1,4,0,json/vgg16_param_ps_assignment.json,1,0.169,10,-1,28,2,1,10,4,"[1.3170202399982622, 1.3235803935982082, 1.3307303647981492, 1.5219775135965619]",0.169,120000.0,0.0002,10,1,,1,1,25.0,25.0,-1,0.0,csv/vgg16/,3000.0,10,none,vgg16,1
0,25.0,distribution_csv/vgg16/,-1,1.5689187135961813,25.0,0.001,-1,4,0,json/vgg16_param_ps_assignment.json,1,0.169,10,-1,28,4,1,10,4,"[0.6729394976005321, 0.7954131744006545, 0.7954131744006545, 0.7954131744006545]",0.169,120000.0,0.0002,10,1,,1,1,25.0,25.0,-1,0.0,csv/vgg16/,3000.0,10,none,vgg16,1
0,25.0,distribution_csv/vgg16/,-1,1.3901755519976609,25.0,0.001,-1,4,0,json/vgg16_param_ps_assignment.json,1,0.169,10,-1,28,8,1,10,4,"[0.6595081952005223, 0.6595081952005223, 0.6595081952005223, 0.7039219040005669]",0.169,120000.0,0.0002,10,1,,1,1,25.0,25.0,-1,0.0,csv/vgg16/,3000.0,10,none,vgg16,1
0,25.0,distribution_csv/vgg16/,-1,6.518822943955374,25.0,0.001,-1,4,0,json/vgg16_param_ps_assignment.json,1,0.169,10,-1,28,1,1,10,8,"[5.262026579165731, 5.262032985565732, 5.262035331165727, 5.262036188765732, 5.2620393919657324, 5.262042595165733, 5.262045798365733, 5.2620490015657335]",0.169,120000.0,0.0002,10,1,,1,1,25.0,25.0,-1,0.0,csv/vgg16/,3000.0,10,none,vgg16,1
0,25.0,distribution_csv/vgg16/,-1,3.566615276779726,25.0,0.001,-1,4,0,json/vgg16_param_ps_assignment.json,1,0.169,10,-1,28,2,1,10,8,"[2.632016492787422, 2.6320180943874223, 2.6320196959874225, 2.632022899187423, 2.632024500787423, 2.632024500787423, 2.63202527038742, 2.63202527038742]",0.169,120000.0,0.0002,10,1,,1,1,25.0,25.0,-1,0.0,csv/vgg16/,3000.0,10,none,vgg16,1
0,25.0,distribution_csv/vgg16/,-1,2.1471659039914424,25.0,0.001,-1,4,0,json/vgg16_param_ps_assignment.json,1,0.169,10,-1,28,4,1,10,8,"[1.317009847998268, 1.3170122503982682, 1.3170122503982682, 1.3170202399982671, 1.3170202399982671, 1.317308591998264, 1.3203003167982401, 1.3860820639976954]",0.169,120000.0,0.0002,10,1,,1,1,25.0,25.0,-1,0.0,csv/vgg16/,3000.0,10,none,vgg16,1
0,25.0,distribution_csv/vgg16/,-1,1.4816670271969046,25.0,0.001,-1,4,0,json/vgg16_param_ps_assignment.json,1,0.169,10,-1,28,8,1,10,8,"[0.666228611200528, 0.666228611200528, 0.7274654496005892, 0.7274654496005905, 0.7274654496005905, 0.7954131744006572, 0.7954131744006572, 0.7954131744006572]",0.169,120000.0,0.0002,10,1,,1,1,25.0,25.0,-1,0.0,csv/vgg16/,3000.0,10,none,vgg16,1
0,25.0,distribution_csv/vgg16/,-1,9.148853107133695,25.0,0.001,-1,4,0,json/vgg16_param_ps_assignment.json,1,0.169,10,-1,28,1,1,10,12,"[7.89203666554404, 7.892039868744041, 7.892043071944041, 7.8920462751440414, 7.892049478344042, 7.892052681544042, 7.8920558847440425, 7.892059087944043, 7.892062291144043, 7.892065494344044, 7.892068697544044, 7.892071900744044]",0.169,120000.0,0.0002,10,1,,1,1,25.0,25.0,-1,0.0,csv/vgg16/,3000.0,10,none,vgg16,1
0,25.0,distribution_csv/vgg16/,-1,4.86134346876905,25.0,0.001,-1,4,0,json/vgg16_param_ps_assignment.json,1,0.169,10,-1,28,2,1,10,12,"[3.947021535976577, 3.947024739176577, 3.947024739176577, 3.9470263407765773, 3.9470279423765775, 3.947032747176578, 3.947032747176578, 3.947034348776578, 3.947034348776578, 3.9470359503765784, 3.9470359503765784, 3.9535904543765197]",0.169,120000.0,0.0002,10,1,,1,1,25.0,25.0,-1,0.0,csv/vgg16/,3000.0,10,none,vgg16,1
0,25.0,distribution_csv/vgg16/,-1,2.735602224786592,25.0,0.001,-1,4,0,json/vgg16_param_ps_assignment.json,1,0.169,10,-1,28,4,1,10,12,"[1.9745155727928456, 1.9745163735928457, 1.9745163735928457, 1.9745171743928458, 1.9745171743928458, 1.9745179751928459, 1.9745179751928459, 1.974518775992846, 1.974522755192844, 1.974522755192844, 1.974522755192844, 1.974522755192844]",0.169,120000.0,0.0002,10,1,,1,1,25.0,25.0,-1,0.0,csv/vgg16/,3000.0,10,none,vgg16,1
0,25.0,distribution_csv/vgg16/,-1,1.7090537471950384,25.0,0.001,-1,4,0,json/vgg16_param_ps_assignment.json,1,0.169,10,-1,28,8,1,10,12,"[0.9882589876008511, 0.9882593880008511, 0.9882689824008506, 0.9882689824008506, 0.9882689824008506, 0.9899090208008522, 0.9899090208008522, 1.0227998944006833, 1.0227998944006835, 1.0227998944006835, 1.0227998944006835, 1.0227998944006835]",0.169,120000.0,0.0002,10,1,,1,1,25.0,25.0,-1,0.0,csv/vgg16/,3000.0,10,none,vgg16,1
0,25.0,distribution_csv/vgg16/,-1,26.304402687961467,25.0,0.001,-1,4,0,json/vgg16_param_ps_assignment.json,0,0.169,1,-1,28,1,1,1,2,"[13.152146528027856, 13.152202400027855]",0.169,120000.0,0.0002,1,1,,1,1,25.0,25.0,-1,0.0,csv/vgg16/,3000.0,1,none,vgg16,0
0,25.0,distribution_csv/vgg16/,-1,26.30262934396151,25.0,0.001,-1,4,0,json/vgg16_param_ps_assignment.json,0,0.169,1,-1,28,2,1,1,2,"[13.151255712027854, 13.151375616027853]",0.169,120000.0,0.0002,1,1,,1,1,25.0,25.0,-1,0.0,csv/vgg16/,3000.0,1,none,vgg16,0
0,25.0,distribution_csv/vgg16/,-1,24.56193331197586,25.0,0.001,-1,4,0,json/vgg16_param_ps_assignment.json,0,0.169,1,-1,28,4,1,1,2,"[12.077513760020818, 12.077633664020816]",0.169,120000.0,0.0002,1,1,,1,1,25.0,25.0,-1,0.0,csv/vgg16/,3000.0,1,none,vgg16,0
0,25.0,distribution_csv/vgg16/,-1,23.26996246398653,25.0,0.001,-1,4,0,json/vgg16_param_ps_assignment.json,0,0.169,1,-1,28,8,1,1,2,"[11.300669440015723, 11.30078937601573]",0.169,120000.0,0.0002,1,1,,1,1,25.0,25.0,-1,0.0,csv/vgg16/,3000.0,1,none,vgg16,0
0,25.0,distribution_csv/vgg16/,-1,52.604517696354506,25.0,0.001,-1,4,0,json/vgg16_param_ps_assignment.json,0,0.169,1,-1,28,1,1,1,4,"[26.302196959961513, 26.302228991961513, 26.302252703961518, 26.302261023961513]",0.169,120000.0,0.0002,1,1,,1,1,25.0,25.0,-1,0.0,csv/vgg16/,3000.0,1,none,vgg16,0
0,25.0,distribution_csv/vgg16/,-1,52.60117059235448,25.0,0.001,-1,4,0,json/vgg16_param_ps_assignment.json,0,0.169,1,-1,28,2,1,1,4,"[26.300511295961535, 26.300511327961534, 26.300511391961532, 26.300631167961537]",0.169,120000.0,0.0002,1,1,,1,1,25.0,25.0,-1,0.0,csv/vgg16/,3000.0,1,none,vgg16,0
0,25.0,distribution_csv/vgg16/,-1,48.45043273626585,25.0,0.001,-1,4,0,json/vgg16_param_ps_assignment.json,0,0.169,1,-1,28,4,1,1,4,"[24.153027391979258, 24.153027423979257, 24.153027487979255, 24.15314726397926]",0.169,120000.0,0.0002,1,1,,1,1,25.0,25.0,-1,0.0,csv/vgg16/,3000.0,1,none,vgg16,0
0,25.0,distribution_csv/vgg16/,-1,45.3301621121992,25.0,0.001,-1,4,0,json/vgg16_param_ps_assignment.json,0,0.169,1,-1,28,8,1,1,4,"[22.599338815992084, 22.599338847992083, 22.59933891199208, 22.599458687992087]",0.169,120000.0,0.0002,1,1,,1,1,25.0,25.0,-1,0.0,csv/vgg16/,3000.0,1,none,vgg16,0
0,25.0,distribution_csv/vgg16/,-1,105.204803039038,25.0,0.001,-1,4,0,json/vgg16_param_ps_assignment.json,0,0.169,1,-1,28,1,1,1,8,"[52.60226579235443, 52.60229782435443, 52.60232985635443, 52.60236188835443, 52.60239392035443, 52.60242595235443, 52.60245798435443, 52.60249001635443]",0.169,120000.0,0.0002,1,1,,1,1,25.0,25.0,-1,0.0,csv/vgg16/,3000.0,1,none,vgg16,0
0,25.0,distribution_csv/vgg16/,-1,105.19815708703813,25.0,0.001,-1,4,0,json/vgg16_param_ps_assignment.json,0,0.169,1,-1,28,2,1,1,8,"[52.59902252835436, 52.59902256035436, 52.599022592354366, 52.59902262435437, 52.59902265635437, 52.599022688354374, 52.59902272035438, 52.59914227235434]",0.169,120000.0,0.0002,1,1,,1,1,25.0,25.0,-1,0.0,csv/vgg16/,3000.0,1,none,vgg16,0
0,25.0,distribution_csv/vgg16/,-1,96.60822195136336,25.0,0.001,-1,4,0,json/vgg16_param_ps_assignment.json,0,0.169,1,-1,28,4,1,1,8,"[48.30405472026265, 48.30405475226265, 48.304054784262654, 48.30405484826266, 48.30405488026266, 48.304054912262664, 48.30405494426267, 48.30417446426263]",0.169,120000.0,0.0002,1,1,,1,1,25.0,25.0,-1,0.0,csv/vgg16/,3000.0,1,none,vgg16,0
0,25.0,distribution_csv/vgg16/,-1,91.06170895957335,25.0,0.001,-1,4,0,json/vgg16_param_ps_assignment.json,0,0.169,1,-1,28,8,1,1,8,"[45.19667760019628, 45.196677632196284, 45.19667766419629, 45.19667769619629, 45.19667772819629, 45.196677760196295, 45.1966777921963, 45.19679731219626]",0.169,120000.0,0.0002,1,1,,1,1,25.0,25.0,-1,0.0,csv/vgg16/,3000.0,1,none,vgg16,0
0,25.0,distribution_csv/vgg16/,-1,157.8051046405749,25.0,0.001,-1,4,0,json/vgg16_param_ps_assignment.json,0,0.169,1,-1,28,1,1,1,12,"[78.90236665603408, 78.90239868803407, 78.90243072003406, 78.90246275203405, 78.90249478403405, 78.90252681603404, 78.90255884803403, 78.90259088003403, 78.90262291203402, 78.90265494403401, 78.902686976034, 78.902719008034]",0.169,120000.0,0.0002,1,1,,1,1,25.0,25.0,-1,0.0,csv/vgg16/,3000.0,1,none,vgg16,0
0,25.0,distribution_csv/vgg16/,-1,157.79517568057474,25.0,0.001,-1,4,0,json/vgg16_param_ps_assignment.json,0,0.169,1,-1,28,2,1,1,12,"[78.89753376003407, 78.89753379203407, 78.89753382403407, 78.89753385603407, 78.89753388803408, 78.89753392003408, 78.89753398403408, 78.89753401603409, 78.89753404803409, 78.89753408003409, 78.8975341120341, 78.89765337603403]",0.169,120000.0,0.0002,1,1,,1,1,25.0,25.0,-1,0.0,csv/vgg16/,3000.0,1,none,vgg16,0
0,25.0,distribution_csv/vgg16/,-1,144.91027299153657,25.0,0.001,-1,4,0,json/vgg16_param_ps_assignment.json,0,0.169,1,-1,28,4,1,1,12,"[72.45508204827789, 72.45508208027789, 72.45508211227789, 72.4550821442779, 72.4550821762779, 72.4550822082779, 72.4550822402779, 72.4550822722779, 72.45508230427791, 72.45508233627791, 72.45508240027792, 72.45520166427785]",0.169,120000.0,0.0002,1,1,,1,1,25.0,25.0,-1,0.0,csv/vgg16/,3000.0,1,none,vgg16,0
0,25.0,distribution_csv/vgg16/,-1,136.25651574283995,25.0,0.001,-1,4,0,json/vgg16_param_ps_assignment.json,0,0.169,1,-1,28,8,1,1,12,"[67.79401632045432, 67.79401635245432, 67.79401638445432, 67.79401641645433, 67.79401644845433, 67.79401651245433, 67.79401654445434, 67.79401657645434, 67.79401660845434, 67.79401664045434, 67.79401667245435, 67.79413593645428]",0.169,120000.0,0.0002,1,1,,1,1,25.0,25.0,-1,0.0,csv/vgg16/,3000.0,1,none,vgg16,0
0,25.0,distribution_csv/vgg16/,-1,18.59101936002514,25.0,0.001,-1,4,1,json/vgg16_param_ps_assignment.json,1,0.169,1,-1,28,1,1,1,2,"[6.577177247995325, 6.577177247995325]",0.169,120000.0,0.0002,1,1,,1,1,25.0,25.0,-1,0.0,csv/vgg16/,3000.0,1,none,vgg16,0
0,25.0,distribution_csv/vgg16/,-1,18.590828832025153,25.0,0.001,-1,4,1,json/vgg16_param_ps_assignment.json,1,0.169,1,-1,28,2,1,1,2,"[6.5771218879953235, 6.5771218879953235]",0.169,120000.0,0.0002,1,1,,1,1,25.0,25.0,-1,0.0,csv/vgg16/,3000.0,1,none,vgg16,0
0,25.0,distribution_csv/vgg16/,-1,18.59079680002515,25.0,0.001,-1,4,1,json/vgg16_param_ps_assignment.json,1,0.169,1,-1,28,4,1,1,2,"[6.577089855995323, 6.577089855995323]",0.169,120000.0,0.0002,1,1,,1,1,25.0,25.0,-1,0.0,csv/vgg16/,3000.0,1,none,vgg16,0
0,25.0,distribution_csv/vgg16/,-1,18.333594048027273,25.0,0.001,-1,4,1,json/vgg16_param_ps_assignment.json,1,0.169,1,-1,28,8,1,1,2,"[6.577089279995322, 6.577089279995322]",0.169,120000.0,0.0002,1,1,,1,1,25.0,25.0,-1,0.0,csv/vgg16/,3000.0,1,none,vgg16,0
0,25.0,distribution_csv/vgg16/,-1,19.126922304020717,25.0,0.001,-1,4,1,json/vgg16_param_ps_assignment.json,1,0.169,1,-1,28,1,1,1,4,"[6.577177247995325, 6.577177247995325, 6.577177247995325, 6.577177247995325]",0.169,120000.0,0.0002,1,1,,1,1,25.0,25.0,-1,0.0,csv/vgg16/,3000.0,1,none,vgg16,0
0,25.0,distribution_csv/vgg16/,-1,18.59084521602515,25.0,0.001,-1,4,1,json/vgg16_param_ps_assignment.json,1,0.169,1,-1,28,2,1,1,4,"[6.5771218879953235, 6.5771218879953235, 6.5771218879953235, 6.5771218879953235]",0.169,120000.0,0.0002,1,1,,1,1,25.0,25.0,-1,0.0,csv/vgg16/,3000.0,1,none,vgg16,0
0,25.0,distribution_csv/vgg16/,-1,18.59081318402515,25.0,0.001,-1,4,1,json/vgg16_param_ps_assignment.json,1,0.169,1,-1,28,4,1,1,4,"[6.577089855995323, 6.577089855995323, 6.577089855995323, 6.577089855995323]",0.169,120000.0,0.0002,1,1,,1,1,25.0,25.0,-1,0.0,csv/vgg16/,3000.0,1,none,vgg16,0
0,25.0,distribution_csv/vgg16/,-1,18.333446592027272,25.0,0.001,-1,4,1,json/vgg16_param_ps_assignment.json,1,0.169,1,-1,28,8,1,1,4,"[6.577089279995322, 6.577089279995322, 6.577089279995322, 6.577089279995322]",0.169,120000.0,0.0002,1,1,,1,1,25.0,25.0,-1,0.0,csv/vgg16/,3000.0,1,none,vgg16,0
0,25.0,distribution_csv/vgg16/,-1,19.126922304020717,25.0,0.001,-1,4,1,json/vgg16_param_ps_assignment.json,1,0.169,1,-1,28,1,1,1,8,"[6.577177247995325, 6.577177247995325, 6.577177247995325, 6.577177247995325, 6.577177247995325, 6.577177247995325, 6.577177247995325, 6.577177247995325]",0.169,120000.0,0.0002,1,1,,1,1,25.0,25.0,-1,0.0,csv/vgg16/,3000.0,1,none,vgg16,0
0,25.0,distribution_csv/vgg16/,-1,19.126600704020728,25.0,0.001,-1,4,1,json/vgg16_param_ps_assignment.json,1,0.169,1,-1,28,2,1,1,8,"[6.5771218879953235, 6.5771218879953235, 6.5771218879953235, 6.5771218879953235, 6.5771218879953235, 6.5771218879953235, 6.5771218879953235, 6.5771218879953235]",0.169,120000.0,0.0002,1,1,,1,1,25.0,25.0,-1,0.0,csv/vgg16/,3000.0,1,none,vgg16,0
0,25.0,distribution_csv/vgg16/,-1,18.59081318402515,25.0,0.001,-1,4,1,json/vgg16_param_ps_assignment.json,1,0.169,1,-1,28,4,1,1,8,"[6.577089855995323, 6.577089855995323, 6.577089855995323, 6.577089855995323, 6.577089855995323, 6.577089855995323, 6.577089855995323, 6.577089855995323]",0.169,120000.0,0.0002,1,1,,1,1,25.0,25.0,-1,0.0,csv/vgg16/,3000.0,1,none,vgg16,0
0,25.0,distribution_csv/vgg16/,-1,18.333594048027273,25.0,0.001,-1,4,1,json/vgg16_param_ps_assignment.json,1,0.169,1,-1,28,8,1,1,8,"[6.577089279995322, 6.577089279995322, 6.577089279995322, 6.577089279995322, 6.577089279995322, 6.577089279995322, 6.577089279995322, 6.577089279995322]",0.169,120000.0,0.0002,1,1,,1,1,25.0,25.0,-1,0.0,csv/vgg16/,3000.0,1,none,vgg16,0
0,25.0,distribution_csv/vgg16/,-1,18.59103574402514,25.0,0.001,-1,4,1,json/vgg16_param_ps_assignment.json,1,0.169,1,-1,28,1,1,1,12,"[6.577177247995325, 6.577177247995325, 6.577177247995325, 6.577177247995325, 6.577177247995325, 6.577177247995325, 6.577177247995325, 6.577177247995325, 6.577177247995325, 6.577177247995325, 6.577177247995325, 6.577177247995325]",0.169,120000.0,0.0002,1,1,,1,1,25.0,25.0,-1,0.0,csv/vgg16/,3000.0,1,none,vgg16,0
0,25.0,distribution_csv/vgg16/,-1,18.59084521602515,25.0,0.001,-1,4,1,json/vgg16_param_ps_assignment.json,1,0.169,1,-1,28,2,1,1,12,"[6.5771218879953235, 6.5771218879953235, 6.5771218879953235, 6.5771218879953235, 6.5771218879953235, 6.5771218879953235, 6.5771218879953235, 6.5771218879953235, 6.5771218879953235, 6.5771218879953235, 6.5771218879953235, 6.5771218879953235]",0.169,120000.0,0.0002,1,1,,1,1,25.0,25.0,-1,0.0,csv/vgg16/,3000.0,1,none,vgg16,0
0,25.0,distribution_csv/vgg16/,-1,18.59081318402515,25.0,0.001,-1,4,1,json/vgg16_param_ps_assignment.json,1,0.169,1,-1,28,4,1,1,12,"[6.577089855995323, 6.577089855995323, 6.577089855995323, 6.577089855995323, 6.577089855995323, 6.577089855995323, 6.577089855995323, 6.577089855995323, 6.577089855995323, 6.577089855995323, 6.577089855995323, 6.577089855995323]",0.169,120000.0,0.0002,1,1,,1,1,25.0,25.0,-1,0.0,csv/vgg16/,3000.0,1,none,vgg16,0
0,25.0,distribution_csv/vgg16/,-1,18.333594048027273,25.0,0.001,-1,4,1,json/vgg16_param_ps_assignment.json,1,0.169,1,-1,28,8,1,1,12,"[6.577089279995322, 6.577089279995322, 6.577089279995322, 6.577089279995322, 6.577089279995322, 6.577089279995322, 6.577089279995322, 6.577089279995322, 6.577089279995322, 6.577089279995322, 6.577089279995322, 6.577089279995322]",0.169,120000.0,0.0002,1,1,,1,1,25.0,25.0,-1,0.0,csv/vgg16/,3000.0,1,none,vgg16,0
0,25.0,distribution_csv/vgg16/,-1,19.72937753601575,25.0,0.001,-1,4,1,json/vgg16_param_ps_assignment.json,0,0.169,1,-1,28,1,1,1,2,"[6.577177247995325, 6.577177247995325]",0.169,120000.0,0.0002,1,1,,1,1,25.0,25.0,-1,0.0,csv/vgg16/,3000.0,1,none,vgg16,0
0,25.0,distribution_csv/vgg16/,-1,19.728495520015773,25.0,0.001,-1,4,1,json/vgg16_param_ps_assignment.json,0,0.169,1,-1,28,2,1,1,2,"[6.5771218879953235, 6.5771218879953235]",0.169,120000.0,0.0002,1,1,,1,1,25.0,25.0,-1,0.0,csv/vgg16/,3000.0,1,none,vgg16,0
0,25.0,distribution_csv/vgg16/,-1,19.060568992021285,25.0,0.001,-1,4,1,json/vgg16_param_ps_assignment.json,0,0.169,1,-1,28,4,1,1,2,"[6.577089855995323, 6.577089855995323]",0.169,120000.0,0.0002,1,1,,1,1,25.0,25.0,-1,0.0,csv/vgg16/,3000.0,1,none,vgg16,0
0,25.0,distribution_csv/vgg16/,-1,18.54624598402553,25.0,0.001,-1,4,1,json/vgg16_param_ps_assignment.json,0,0.169,1,-1,28,8,1,1,2,"[6.577089279995322, 6.577089279995322]",0.169,120000.0,0.0002,1,1,,1,1,25.0,25.0,-1,0.0,csv/vgg16/,3000.0,1,none,vgg16,0
0,25.0,distribution_csv/vgg16/,-1,32.879433919933255,25.0,0.001,-1,4,1,json/vgg16_param_ps_assignment.json,0,0.169,1,-1,28,1,1,1,4,"[6.577177247995325, 6.577177247995325, 6.577177247995325, 6.577177247995325]",0.169,120000.0,0.0002,1,1,,1,1,25.0,25.0,-1,0.0,csv/vgg16/,3000.0,1,none,vgg16,0
0,25.0,distribution_csv/vgg16/,-1,32.87774915193325,25.0,0.001,-1,4,1,json/vgg16_param_ps_assignment.json,0,0.169,1,-1,28,2,1,1,4,"[6.5771218879953235, 6.5771218879953235, 6.5771218879953235, 6.5771218879953235]",0.169,120000.0,0.0002,1,1,,1,1,25.0,25.0,-1,0.0,csv/vgg16/,3000.0,1,none,vgg16,0
0,25.0,distribution_csv/vgg16/,-1,30.87378934392381,25.0,0.001,-1,4,1,json/vgg16_param_ps_assignment.json,0,0.169,1,-1,28,4,1,1,4,"[6.577089855995323, 6.577089855995323, 6.577089855995323, 6.577089855995323]",0.169,120000.0,0.0002,1,1,,1,1,25.0,25.0,-1,0.0,csv/vgg16/,3000.0,1,none,vgg16,0
0,25.0,distribution_csv/vgg16/,-1,29.8447998399323,25.0,0.001,-1,4,1,json/vgg16_param_ps_assignment.json,0,0.169,1,-1,28,8,1,1,4,"[6.577089279995322, 6.577089279995322, 6.577089279995322, 6.577089279995322]",0.169,120000.0,0.0002,1,1,,1,1,25.0,25.0,-1,0.0,csv/vgg16/,3000.0,1,none,vgg16,0
0,25.0,distribution_csv/vgg16/,-1,59.179682464494924,25.0,0.001,-1,4,1,json/vgg16_param_ps_assignment.json,0,0.169,1,-1,28,1,1,1,8,"[6.577177247995325, 6.577177247995325, 6.577177247995325, 6.577177247995325, 6.577177247995325, 6.577177247995325, 6.577177247995325, 6.577177247995325]",0.169,120000.0,0.0002,1,1,,1,1,25.0,25.0,-1,0.0,csv/vgg16/,3000.0,1,none,vgg16,0
0,25.0,distribution_csv/vgg16/,-1,59.17628844849493,25.0,0.001,-1,4,1,json/vgg16_param_ps_assignment.json,0,0.169,1,-1,28,2,1,1,8,"[6.5771218879953235, 6.5771218879953235, 6.5771218879953235, 6.5771218879953235, 6.5771218879953235, 6.5771218879953235, 6.5771218879953235, 6.5771218879953235]",0.169,120000.0,0.0002,1,1,,1,1,25.0,25.0,-1,0.0,csv/vgg16/,3000.0,1,none,vgg16,0
0,25.0,distribution_csv/vgg16/,-1,54.88125708840321,25.0,0.001,-1,4,1,json/vgg16_param_ps_assignment.json,0,0.169,1,-1,28,4,1,1,8,"[6.577089855995323, 6.577089855995323, 6.577089855995323, 6.577089855995323, 6.577089855995323, 6.577089855995323, 6.577089855995323, 6.577089855995323]",0.169,120000.0,0.0002,1,1,,1,1,25.0,25.0,-1,0.0,csv/vgg16/,3000.0,1,none,vgg16,0
0,25.0,distribution_csv/vgg16/,-1,52.442251616351086,25.0,0.001,-1,4,1,json/vgg16_param_ps_assignment.json,0,0.169,1,-1,28,8,1,1,8,"[6.577089279995322, 6.577089279995322, 6.577089279995322, 6.577089279995322, 6.577089279995322, 6.577089279995322, 6.577089279995322, 6.577089279995322]",0.169,120000.0,0.0002,1,1,,1,1,25.0,25.0,-1,0.0,csv/vgg16/,3000.0,1,none,vgg16,0
0,25.0,distribution_csv/vgg16/,-1,85.47988319978494,25.0,0.001,-1,4,1,json/vgg16_param_ps_assignment.json,0,0.169,1,-1,28,1,1,1,12,"[6.577177247995325, 6.577177247995325, 6.577177247995325, 6.577177247995325, 6.577177247995325, 6.577177247995325, 6.577177247995325, 6.577177247995325, 6.577177247995325, 6.577177247995325, 6.577177247995325, 6.577177247995325]",0.169,120000.0,0.0002,1,1,,1,1,25.0,25.0,-1,0.0,csv/vgg16/,3000.0,1,none,vgg16,0
0,25.0,distribution_csv/vgg16/,-1,85.47476367978493,25.0,0.001,-1,4,1,json/vgg16_param_ps_assignment.json,0,0.169,1,-1,28,2,1,1,12,"[6.5771218879953235, 6.5771218879953235, 6.5771218879953235, 6.5771218879953235, 6.5771218879953235, 6.5771218879953235, 6.5771218879953235, 6.5771218879953235, 6.5771218879953235, 6.5771218879953235, 6.5771218879953235, 6.5771218879953235]",0.169,120000.0,0.0002,1,1,,1,1,25.0,25.0,-1,0.0,csv/vgg16/,3000.0,1,none,vgg16,0
0,25.0,distribution_csv/vgg16/,-1,79.03228070402884,25.0,0.001,-1,4,1,json/vgg16_param_ps_assignment.json,0,0.169,1,-1,28,4,1,1,12,"[6.577089855995323, 6.577089855995323, 6.577089855995323, 6.577089855995323, 6.577089855995323, 6.577089855995323, 6.577089855995323, 6.577089855995323, 6.577089855995323, 6.577089855995323, 6.577089855995323, 6.577089855995323]",0.169,120000.0,0.0002,1,1,,1,1,25.0,25.0,-1,0.0,csv/vgg16/,3000.0,1,none,vgg16,0
0,25.0,distribution_csv/vgg16/,-1,75.03958870417996,25.0,0.001,-1,4,1,json/vgg16_param_ps_assignment.json,0,0.169,1,-1,28,8,1,1,12,"[6.577089279995322, 6.577089279995322, 6.577089279995322, 6.577089279995322, 6.577089279995322, 6.577089279995322, 6.577089279995322, 6.577089279995322, 6.577089279995322, 6.577089279995322, 6.577089279995322, 6.577089279995322]",0.169,120000.0,0.0002,1,1,,1,1,25.0,25.0,-1,0.0,csv/vgg16/,3000.0,1,none,vgg16,0
0,25.0,distribution_csv/vgg16/,-1,25.16604451197088,25.0,0.001,-1,4,0,json/vgg16_param_ps_assignment.json,1,0.169,1,-1,28,1,1,1,2,"[13.152114496027856, 13.152202400027855]",0.169,120000.0,0.0002,1,1,,1,1,25.0,25.0,-1,0.0,csv/vgg16/,3000.0,1,none,vgg16,0
0,25.0,distribution_csv/vgg16/,-1,25.1650825599709,25.0,0.001,-1,4,0,json/vgg16_param_ps_assignment.json,1,0.169,1,-1,28,2,1,1,2,"[13.151255712027854, 13.151375616027853]",0.169,120000.0,0.0002,1,1,,1,1,25.0,25.0,-1,0.0,csv/vgg16/,3000.0,1,none,vgg16,0
0,25.0,distribution_csv/vgg16/,-1,24.091220671979762,25.0,0.001,-1,4,0,json/vgg16_param_ps_assignment.json,1,0.169,1,-1,28,4,1,1,2,"[12.077513728020817, 12.077633664020816]",0.169,120000.0,0.0002,1,1,,1,1,25.0,25.0,-1,0.0,csv/vgg16/,3000.0,1,none,vgg16,0
0,25.0,distribution_csv/vgg16/,-1,23.057277759988295,25.0,0.001,-1,4,0,json/vgg16_param_ps_assignment.json,1,0.169,1,-1,28,8,1,1,2,"[11.300669440015723, 11.30078937601573]",0.169,120000.0,0.0002,1,1,,1,1,25.0,25.0,-1,0.0,csv/vgg16/,3000.0,1,none,vgg16,0
0,25.0,distribution_csv/vgg16/,-1,38.85197404806076,25.0,0.001,-1,4,0,json/vgg16_param_ps_assignment.json,1,0.169,1,-1,28,1,1,1,4,"[26.302196959961513, 26.302228991961513, 26.302252703961518, 26.302261023961513]",0.169,120000.0,0.0002,1,1,,1,1,25.0,25.0,-1,0.0,csv/vgg16/,3000.0,1,none,vgg16,0
0,25.0,distribution_csv/vgg16/,-1,38.31421827204932,25.0,0.001,-1,4,0,json/vgg16_param_ps_assignment.json,1,0.169,1,-1,28,2,1,1,4,"[26.300511295961535, 26.300511327961534, 26.300511359961533, 26.300631167961537]",0.169,120000.0,0.0002,1,1,,1,1,25.0,25.0,-1,0.0,csv/vgg16/,3000.0,1,none,vgg16,0
0,25.0,distribution_csv/vgg16/,-1,36.166750752003495,25.0,0.001,-1,4,0,json/vgg16_param_ps_assignment.json,1,0.169,1,-1,28,4,1,1,4,"[24.153027391979258, 24.153027423979257, 24.153027487979255, 24.15314726397926]",0.169,120000.0,0.0002,1,1,,1,1,25.0,25.0,-1,0.0,csv/vgg16/,3000.0,1,none,vgg16,0
0,25.0,distribution_csv/vgg16/,-1,34.35584367996482,25.0,0.001,-1,4,0,json/vgg16_param_ps_assignment.json,1,0.169,1,-1,28,8,1,1,4,"[22.599338815992084, 22.599338847992083, 22.59933891199208, 22.599458687992087]",0.169,120000.0,0.0002,1,1,,1,1,25.0,25.0,-1,0.0,csv/vgg16/,3000.0,1,none,vgg16,0
